,category,title,url,image_links,top_1,top_2,top_3,top_4,top_5
0,墾丁,【食記】屏東枋山_別有洞天咖啡館@去墾丁的中繼站 享受南國風情的第一類接觸,http://syhi1019.pixnet.net/blog/post/463649603,"[{""image_tags"":[],""url"":""https://pic.pimg.tw/syhi1019/1532619193-1613037327_n.jpg?v=1532619255""},{""image_tags"":[],""url"":""https://pic.pimg.tw/syhi1019/1532619173-1961085004_n.jpg?v=1532619255""},{""image_tags"":[],""url"":""https://pic.pimg.tw/syhi1019/1532619174-950395319_n.jpg?v=1532619255""},{""image_tags"":[],""url"":""https://pic.pimg.tw/syhi1019/1532619175-133947577_n.jpg?v=1532619255""},{""image_tags"":[],""url"":""https://pic.pimg.tw/syhi1019/1532619175-443536800_n.jpg?v=1532619255""},{""image_tags"":[],""url"":""https://pic.pimg.tw/syhi1019/1532619174-2715155930_n.jpg?v=1532619255""},{""image_tags"":[],""url"":""https://pic.pimg.tw/syhi1019/1532619176-2065258224_n.jpg?v=1532619255""},{""image_tags"":[],""url"":""https://pic.pimg.tw/syhi1019/1532619181-1340194134_n.jpg?v=1532619255""},{""image_tags"":[],""url"":""https://pic.pimg.tw/syhi1019/1532619186-3080631059_n.jpg?v=1532619255""},{""image_tags"":[],""url"":""https://pic.pimg.tw/syhi1019/1532619188-248214503_n.jpg?v=1532619255""},{""image_tags"":[],""url"":""https://pic.pimg.tw/syhi1019/1532619185-4031617138_n.jpg?v=1532619255""},{""image_tags"":[],""url"":""https://pic.pimg.tw/syhi1019/1532619186-159831988_n.jpg?v=1532619255""},{""image_tags"":[],""url"":""https://pic.pimg.tw/syhi1019/1532619187-988226267_n.jpg?v=1532619255""},{""image_tags"":[],""url"":""https://pic.pimg.tw/syhi1019/1532619188-226039660_n.jpg?v=1532619255""},{""image_tags"":[],""url"":""https://pic.pimg.tw/syhi1019/1532619190-149207523_n.jpg?v=1532619255""},{""image_tags"":[],""url"":""https://pic.pimg.tw/syhi1019/1532619193-1613037327_n.jpg?v=1532619255""},{""image_tags"":[],""url"":""https://pic.pimg.tw/syhi1019/1532619195-243618140_n.jpg?v=1532619255""},{""image_tags"":[],""url"":""https://pic.pimg.tw/syhi1019/1532619195-2830778052_n.jpg?v=1532619255""},{""image_tags"":[],""url"":""https://pic.pimg.tw/syhi1019/1532619196-3022260963_n.jpg?v=1532619255""},{""image_tags"":[],""url"":""https://pic.pimg.tw/syhi1019/1532619197-4044940533_n.jpg?v=1532619255""},{""image_tags"":[],""url"":""https://pic.pimg.tw/syhi1019/1532619199-1343117290_n.jpg?v=1532619255""},{""image_tags"":[],""url"":""http://pic.pimg.tw/syhi1019/1391420938-2574758494_n.png""}]",1,19,18,16,7
1,墾丁,【屏東恆春】恆。好 餐廳+阿波羅畫廊。恆春最美好的蔬食料裡,http://nigi33kimo.pixnet.net/blog/post/118605588,"[{""image_tags"":[],""url"":""https://pic.pimg.tw/nigi33kimo/1532176582-3628560420.jpg?v=1532176599""},{""image_tags"":[],""url"":""https://pic.pimg.tw/nigi33kimo/1532176542-3298753988.jpg?v=1532176599""},{""image_tags"":[],""url"":""https://pic.pimg.tw/nigi33kimo/1532176539-1252023140.jpg?v=1532176599""},{""image_tags"":[],""url"":""https://pic.pimg.tw/nigi33kimo/1532176559-4216735565.jpg?v=1532176599""},{""image_tags"":[],""url"":""https://pic.pimg.tw/nigi33kimo/1532176541-2272522822.jpg?v=1532176599""},{""image_tags"":[],""url"":""https://pic.pimg.tw/nigi33kimo/1532176546-1885560086.jpg?v=1532176599""},{""image_tags"":[],""url"":""https://pic.pimg.tw/nigi33kimo/1532176548-3890482332.jpg?v=1532176599""},{""image_tags"":[],""url"":""https://pic.pimg.tw/nigi33kimo/1532176544-1897929069.jpg?v=1532176599""},{""image_tags"":[],""url"":""https://pic.pimg.tw/nigi33kimo/1532176547-1732630215.jpg?v=1532176599""},{""image_tags"":[],""url"":""https://pic.pimg.tw/nigi33kimo/1532176555-4025775283.jpg?v=1532176599""},{""image_tags"":[],""url"":""https://pic.pimg.tw/nigi33kimo/1532176557-1253028308.jpg?v=1532176599""},{""image_tags"":[],""url"":""https://pic.pimg.tw/nigi33kimo/1532176570-3216294966.jpg?v=1532176599""},{""image_tags"":[],""url"":""https://pic.pimg.tw/nigi33kimo/1532176573-1215220700.jpg?v=1532176599""},{""image_tags"":[],""url"":""https://pic.pimg.tw/nigi33kimo/1532176561-2848749375.jpg?v=1532176599""},{""image_tags"":[],""url"":""https://pic.pimg.tw/nigi33kimo/1532176554-184505654.jpg?v=1532176599""},{""image_tags"":[],""url"":""https://pic.pimg.tw/nigi33kimo/1532176549-3344144605.jpg?v=1532176599""},{""image_tags"":[],""url"":""https://pic.pimg.tw/nigi33kimo/1532176569-3606032992.jpg?v=1532176599""},{""image_tags"":[],""url"":""https://pic.pimg.tw/nigi33kimo/1532176563-2725167093.jpg?v=1532176599""},{""image_tags"":[],""url"":""https://pic.pimg.tw/nigi33kimo/1532176565-983722000.jpg?v=1532176599""},{""image_tags"":[],""url"":""https://pic.pimg.tw/nigi33kimo/1532176572-3669666095.jpg?v=1532176599""},{""image_tags"":[],""url"":""https://pic.pimg.tw/nigi33kimo/1532176578-3499271121.jpg?v=1532176599""},{""image_tags"":[],""url"":""https://pic.pimg.tw/nigi33kimo/1532176575-1663422155.jpg?v=1532176599""},{""image_tags"":[],""url"":""https://pic.pimg.tw/nigi33kimo/1532176577-3223335714.jpg?v=1532176599""},{""image_tags"":[],""url"":""https://pic.pimg.tw/nigi33kimo/1532176580-756299908.jpg?v=1532176599""},{""image_tags"":[],""url"":""https://pic.pimg.tw/nigi33kimo/1532176579-861518299.jpg?v=1532176599""},{""image_tags"":[],""url"":""https://pic.pimg.tw/nigi33kimo/1532176581-2049732275.jpg?v=1532176599""},{""image_tags"":[],""url"":""https://pic.pimg.tw/nigi33kimo/1532176540-3196093462.jpg?v=1532176599""},{""image_tags"":[],""url"":""https://pic.pimg.tw/nigi33kimo/1515682367-1604516044.png?v=1515682373""},{""image_tags"":[],""url"":""https://pic.pimg.tw/nigi33kimo/1515682368-558854611.jpg?v=1515682373""},{""image_tags"":[],""url"":""https://pic.pimg.tw/nigi33kimo/1515682369-190829634.png?v=1515682373""}]",2,19,21,23,9
2,墾丁,屏東恆春好店推薦｜麋谷咖啡～60年碾米廠嚐文青風美味！信用組合～百年建築嚐小籠包甜點調酒！,http://damon624.pixnet.net/blog/post/46144461,"[{""image_tags"":[],""url"":""https://pic.pimg.tw/damon624/1535164692-1903747274.jpg?v=1535164737""},{""image_tags"":[],""url"":""https://pic.pimg.tw/damon624/1535164693-971190492.jpg?v=1535164737""},{""image_tags"":[],""url"":""https://pic.pimg.tw/damon624/1535164695-69956124.jpg?v=1535164737""},{""image_tags"":[],""url"":""https://pic.pimg.tw/damon624/1535164696-2200515503.jpg?v=1535164737""},{""image_tags"":[],""url"":""https://pic.pimg.tw/damon624/1535164698-596616030.jpg?v=1535164737""},{""image_tags"":[],""url"":""https://pic.pimg.tw/damon624/1535164699-1350168364.jpg?v=1535164737""},{""image_tags"":[],""url"":""https://pic.pimg.tw/damon624/1535164700-454277827.jpg?v=1535164737""},{""image_tags"":[],""url"":""https://pic.pimg.tw/damon624/1535164702-3082063102.jpg?v=1535164737""},{""image_tags"":[],""url"":""https://pic.pimg.tw/damon624/1535164703-1290494258.jpg?v=1535164737""},{""image_tags"":[],""url"":""https://pic.pimg.tw/damon624/1535164704-2181551113.jpg?v=1535164737""},{""image_tags"":[],""url"":""https://pic.pimg.tw/damon624/1535164705-4040556975.jpg?v=1535164737""},{""image_tags"":[],""url"":""https://pic.pimg.tw/damon624/1535164707-4117006934.jpg?v=1535164737""},{""image_tags"":[],""url"":""https://pic.pimg.tw/damon624/1535164708-3952241734.jpg?v=1535164737""},{""image_tags"":[],""url"":""https://pic.pimg.tw/damon624/1535164709-1051905336.jpg?v=1535164737""},{""image_tags"":[],""url"":""https://pic.pimg.tw/damon624/1535164710-4249627746.jpg?v=1535164737""},{""image_tags"":[],""url"":""https://pic.pimg.tw/damon624/1535164712-245918142.jpg?v=1535164737""},{""image_tags"":[],""url"":""https://pic.pimg.tw/damon624/1535164713-863927763.jpg?v=1535164737""},{""image_tags"":[],""url"":""https://pic.pimg.tw/damon624/1535164714-1585386706.jpg?v=1535164737""},{""image_tags"":[],""url"":""https://pic.pimg.tw/damon624/1535164715-1538626846.jpg?v=1535164738""},{""image_tags"":[],""url"":""https://pic.pimg.tw/damon624/1535164717-3459726547.jpg?v=1535164738""},{""image_tags"":[],""url"":""https://pic.pimg.tw/damon624/1535164718-988546634.jpg?v=1535164738""},{""image_tags"":[],""url"":""https://pic.pimg.tw/damon624/1535164719-3900641253.jpg?v=1535164738""},{""image_tags"":[],""url"":""https://pic.pimg.tw/damon624/1535164721-3730397834.jpg?v=1535164738""},{""image_tags"":[],""url"":""https://pic.pimg.tw/damon624/1535164722-103464849.jpg?v=1535164738""},{""image_tags"":[],""url"":""https://pic.pimg.tw/damon624/1535164723-3413597929.jpg?v=1535164738""},{""image_tags"":[],""url"":""https://pic.pimg.tw/damon624/1535164724-842583812.jpg?v=1535164738""},{""image_tags"":[],""url"":""https://pic.pimg.tw/damon624/1535164726-1359478064.jpg?v=1535164738""},{""image_tags"":[],""url"":""https://pic.pimg.tw/damon624/1535164727-2904964301.jpg?v=1535164738""},{""image_tags"":[],""url"":""https://pic.pimg.tw/damon624/1535164728-1026462993.jpg?v=1535164738""},{""image_tags"":[],""url"":""https://pic.pimg.tw/damon624/1535164729-732942936.jpg?v=1535164738""},{""image_tags"":[],""url"":""https://pic.pimg.tw/damon624/1535164730-4167452721.jpg?v=1535164738""},{""image_tags"":[],""url"":""https://pic.pimg.tw/damon624/1535164732-2508611066.jpg?v=1535164738""},{""image_tags"":[],""url"":""https://pic.pimg.tw/damon624/1535164733-3467347112.jpg?v=1535164738""},{""image_tags"":[],""url"":""https://pic.pimg.tw/damon624/1534066385-3256117010_l.jpg?v=1534066582""},{""image_tags"":[],""url"":""https://www.pthg.gov.tw/plantou/1/web/images/map_3.jpg""}]",2,4,13,22,10
3,墾丁,恆春墾丁美食 - 海珠珍興海水產餐廳篇 x 外燴 | 代客料理 | 海鮮超市,http://ksdelicacy.pixnet.net/blog/post/67016115,"[{""image_tags"":[],""url"":""https://pic.pimg.tw/ksdelicacy/1531873891-1473476118.jpg""},{""image_tags"":[],""url"":""https://pic.pimg.tw/ksdelicacy/1532010717-3390789292.jpg?v=1532010720""},{""image_tags"":[],""url"":""https://pic.pimg.tw/ksdelicacy/1531873894-4263608273.jpg""},{""image_tags"":[],""url"":""https://pic.pimg.tw/ksdelicacy/1531873896-3683067241.jpg""},{""image_tags"":[],""url"":""https://pic.pimg.tw/ksdelicacy/1531873882-32709384.jpg""},{""image_tags"":[],""url"":""https://pic.pimg.tw/ksdelicacy/1531873883-779455465.jpg""},{""image_tags"":[],""url"":""https://pic.pimg.tw/ksdelicacy/1531873884-3309823442.jpg""},{""image_tags"":[],""url"":""https://pic.pimg.tw/ksdelicacy/1531873886-3221976265.jpg""},{""image_tags"":[],""url"":""https://pic.pimg.tw/ksdelicacy/1531873887-3865706437.jpg""},{""image_tags"":[],""url"":""https://pic.pimg.tw/ksdelicacy/1531873888-2097549543.jpg""},{""image_tags"":[],""url"":""https://pic.pimg.tw/ksdelicacy/1531873889-2204761788.jpg""},{""image_tags"":[],""url"":""https://pic.pimg.tw/ksdelicacy/1531873930-3638909213.jpg""},{""image_tags"":[],""url"":""https://pic.pimg.tw/ksdelicacy/1531873932-1092049826.jpg""},{""image_tags"":[],""url"":""https://pic.pimg.tw/ksdelicacy/1531873890-3545880838.jpg""},{""image_tags"":[],""url"":""https://pic.pimg.tw/ksdelicacy/1531873891-1473476118.jpg""},{""image_tags"":[],""url"":""https://pic.pimg.tw/ksdelicacy/1531873892-2973995700.jpg""},{""image_tags"":[],""url"":""https://pic.pimg.tw/ksdelicacy/1531873893-209007843.jpg""},{""image_tags"":[],""url"":""https://pic.pimg.tw/ksdelicacy/1531873899-1798114330.jpg""},{""image_tags"":[],""url"":""https://pic.pimg.tw/ksdelicacy/1531873900-2693940716.jpg""},{""image_tags"":[],""url"":""https://pic.pimg.tw/ksdelicacy/1531873901-2523734484.jpg""},{""image_tags"":[],""url"":""https://pic.pimg.tw/ksdelicacy/1531873903-1660746067.jpg""},{""image_tags"":[],""url"":""https://pic.pimg.tw/ksdelicacy/1531873905-1109109919.jpg""},{""image_tags"":[],""url"":""https://pic.pimg.tw/ksdelicacy/1531873908-2565764535.jpg""},{""image_tags"":[],""url"":""https://pic.pimg.tw/ksdelicacy/1531873909-2556060909.jpg""},{""image_tags"":[],""url"":""https://pic.pimg.tw/ksdelicacy/1531873911-2814367030.jpg""},{""image_tags"":[],""url"":""https://pic.pimg.tw/ksdelicacy/1531873914-4277549811.jpg""},{""image_tags"":[],""url"":""https://pic.pimg.tw/ksdelicacy/1531873916-1053828205.jpg""},{""image_tags"":[],""url"":""https://pic.pimg.tw/ksdelicacy/1531873917-2531941330.jpg""},{""image_tags"":[],""url"":""https://pic.pimg.tw/ksdelicacy/1531873919-2201244002.jpg""},{""image_tags"":[],""url"":""https://pic.pimg.tw/ksdelicacy/1531873921-2561289866.jpg""},{""image_tags"":[],""url"":""https://pic.pimg.tw/ksdelicacy/1531873912-3879083093.jpg""},{""image_tags"":[],""url"":""https://pic.pimg.tw/ksdelicacy/1531873922-2878385308.jpg""},{""image_tags"":[],""url"":""https://pic.pimg.tw/ksdelicacy/1531873926-2849748513.jpg""},{""image_tags"":[],""url"":""https://pic.pimg.tw/ksdelicacy/1531873927-2042696752.jpg""},{""image_tags"":[],""url"":""https://pic.pimg.tw/ksdelicacy/1531873928-1129876961.jpg""},{""image_tags"":[],""url"":""https://pic.pimg.tw/ksdelicacy/1531873935-479336656.jpg""},{""image_tags"":[],""url"":""https://pic.pimg.tw/ksdelicacy/1531873937-4056500017.jpg""},{""image_tags"":[],""url"":""https://pic.pimg.tw/ksdelicacy/1531873939-2642036269.jpg""},{""image_tags"":[],""url"":""https://pic.pimg.tw/ksdelicacy/1531873941-3900738451.jpg""},{""image_tags"":[],""url"":""https://pic.pimg.tw/ksdelicacy/1531873943-30513505.jpg""},{""image_tags"":[],""url"":""https://pic.pimg.tw/ksdelicacy/1531873945-3341555873.jpg""},{""image_tags"":[],""url"":""https://pic.pimg.tw/ksdelicacy/1531873947-2106381173.jpg""},{""image_tags"":[],""url"":""https://pic.pimg.tw/ksdelicacy/1531873949-407852692.jpg""},{""image_tags"":[],""url"":""https://pic.pimg.tw/ksdelicacy/1531873953-3382211066.jpg""},{""image_tags"":[],""url"":""https://pic.pimg.tw/ksdelicacy/1531873954-2868796700.jpg""},{""image_tags"":[],""url"":""https://pic.pimg.tw/ksdelicacy/1473266644-4199553820.png?v=1473266646""},{""image_tags"":[],""url"":""https://pic.pimg.tw/ksdelicacy/1473266467-3544082700.jpg?v=1473266469""}]",0,11,2,14,7
4,墾丁,【食紀】忘不了放不下的十碗麵之家(ฅ`ω´ฅ)牛肉麵TOP（內有影片、內有菜單）,http://era10156.pixnet.net/blog/post/32577022,"[{""image_tags"":[],""url"":""https://pic.pimg.tw/era10156/1539971864-3091878074_n.jpg?v=1539971942""},{""image_tags"":[],""url"":""https://i.ytimg.com/vi/XchBjWnTZLc/maxresdefault.jpg""},{""image_tags"":[],""url"":""https://pic.pimg.tw/era10156/1539973572-3660287798_n.jpg""},{""image_tags"":[],""url"":""https://pic.pimg.tw/era10156/1539973571-2341859688_n.jpg?v=1539973572""},{""image_tags"":[],""url"":""https://pic.pimg.tw/era10156/1539971863-3982620891_n.jpg?v=1539971942""},{""image_tags"":[],""url"":""https://pic.pimg.tw/era10156/1539971869-1068227841_n.jpg?v=1539971942""},{""image_tags"":[],""url"":""https://pic.pimg.tw/era10156/1539971864-3193690460_n.jpg?v=1539971942""},{""image_tags"":[],""url"":""https://pic.pimg.tw/era10156/1539971867-3553705052_n.jpg?v=1539971942""},{""image_tags"":[],""url"":""https://pic.pimg.tw/era10156/1539971869-107251954_n.jpg?v=1539971942""},{""image_tags"":[],""url"":""https://pic.pimg.tw/era10156/1539971863-3765127414_n.jpg?v=1539971942""},{""image_tags"":[],""url"":""https://pic.pimg.tw/era10156/1539971869-2576778873_n.jpg?v=1539971942""},{""image_tags"":[],""url"":""https://pic.pimg.tw/era10156/1539971866-2883618631_n.jpg""},{""image_tags"":[],""url"":""https://pic.pimg.tw/era10156/1539971866-1343771201_n.jpg?v=1539971942""},{""image_tags"":[],""url"":""https://pic.pimg.tw/era10156/1539971864-3538748511_n.jpg?v=1539971942""},{""image_tags"":[],""url"":""https://i.ytimg.com/vi/LpXDL1Z7xbM/maxresdefault.jpg""},{""image_tags"":[],""url"":""https://i.ytimg.com/vi/KUkGtJvRp5o/maxresdefault.jpg""}]",0,7,8,6,9
5,墾丁,屏東美食 ▶ 海鴻飯店 & 正老牌潮洲冷熱冰 ▶ 屏東人氣美食 墾丁順遊必吃美食 吃完萬巒豬腳再來碗冷熱冰,http://eeooa0314.pixnet.net/blog/post/463989464,"[{""image_tags"":[],""url"":""https://pic.pimg.tw/eeooa0314/1535826431-2627987462.jpg?v=1535826439""},{""image_tags"":[],""url"":""https://pic.pimg.tw/eeooa0314/1535696744-1352502404.jpg""},{""image_tags"":[],""url"":""https://pic.pimg.tw/eeooa0314/1535696743-995074088.jpg""},{""image_tags"":[],""url"":""https://pic.pimg.tw/eeooa0314/1535696742-859552362.jpg""},{""image_tags"":[],""url"":""https://pic.pimg.tw/eeooa0314/1535696742-1526118026.jpg""},{""image_tags"":[],""url"":""https://pic.pimg.tw/eeooa0314/1535696741-3170657913.jpg""},{""image_tags"":[],""url"":""https://pic.pimg.tw/eeooa0314/1535696734-1872105786.jpg""},{""image_tags"":[],""url"":""https://pic.pimg.tw/eeooa0314/1535696720-805119287.jpg""},{""image_tags"":[],""url"":""https://pic.pimg.tw/eeooa0314/1535696736-3907612418.jpg""},{""image_tags"":[],""url"":""https://pic.pimg.tw/eeooa0314/1535696736-1469789780.jpg""},{""image_tags"":[],""url"":""https://pic.pimg.tw/eeooa0314/1535696738-3440831626.jpg""},{""image_tags"":[],""url"":""https://pic.pimg.tw/eeooa0314/1535696740-2637717449.jpg""},{""image_tags"":[],""url"":""https://pic.pimg.tw/eeooa0314/1535696737-3270355470.jpg""},{""image_tags"":[],""url"":""https://pic.pimg.tw/eeooa0314/1535696738-359426397.jpg""},{""image_tags"":[],""url"":""https://pic.pimg.tw/eeooa0314/1535696739-3635494376.jpg""},{""image_tags"":[],""url"":""https://pic.pimg.tw/eeooa0314/1535696740-4254642792.jpg""},{""image_tags"":[],""url"":""https://pic.pimg.tw/eeooa0314/1535696744-1653316143.jpg""},{""image_tags"":[],""url"":""https://pic.pimg.tw/eeooa0314/1535696745-969450981.jpg""},{""image_tags"":[],""url"":""https://pic.pimg.tw/eeooa0314/1535696746-2428073697.jpg""},{""image_tags"":[],""url"":""https://pic.pimg.tw/eeooa0314/1535696747-4212727633.jpg""},{""image_tags"":[],""url"":""https://pic.pimg.tw/eeooa0314/1535696748-2719131742.jpg""},{""image_tags"":[],""url"":""https://pic.pimg.tw/eeooa0314/1535696749-1857241053.jpg""},{""image_tags"":[],""url"":""https://pic.pimg.tw/eeooa0314/1535696750-2549457665.jpg""}]",0,1,3,16,20
6,墾丁,圓圓家愛吃貨—到後壁湖《慢日子手做輕食》享受一個舒適的慢活悠閒時光,http://vivi0010.pixnet.net/blog/post/225742067,"[{""image_tags"":[],""url"":""https://pic.pimg.tw/vivi0010/1533599194-2351591864_n.jpg""},{""image_tags"":[],""url"":""https://pic.pimg.tw/vivi0010/1533010753-1311603547_n.jpg""},{""image_tags"":[],""url"":""https://pic.pimg.tw/vivi0010/1533008191-4131415684_n.jpg""},{""image_tags"":[],""url"":""https://pic.pimg.tw/vivi0010/1533007826-715480914_n.jpg""},{""image_tags"":[],""url"":""https://pic.pimg.tw/vivi0010/1533007827-1682175018_n.jpg""},{""image_tags"":[],""url"":""https://pic.pimg.tw/vivi0010/1533007827-1032243163_n.jpg""},{""image_tags"":[],""url"":""https://pic.pimg.tw/vivi0010/1533010756-2470080975_n.jpg""},{""image_tags"":[],""url"":""https://pic.pimg.tw/vivi0010/1533010755-733446059_n.jpg""},{""image_tags"":[],""url"":""https://pic.pimg.tw/vivi0010/1533010753-3353471524_n.jpg""},{""image_tags"":[],""url"":""https://pic.pimg.tw/vivi0010/1533008190-2737451707_n.jpg""},{""image_tags"":[],""url"":""https://pic.pimg.tw/vivi0010/1533008190-3816160364_n.jpg""},{""image_tags"":[],""url"":""https://pic.pimg.tw/vivi0010/1533599028-785667614_n.jpg""},{""image_tags"":[],""url"":""https://pic.pimg.tw/vivi0010/1533010756-4084656364_n.jpg""},{""image_tags"":[],""url"":""https://pic.pimg.tw/vivi0010/1533007825-2240797449_n.jpg""},{""image_tags"":[],""url"":""https://pic.pimg.tw/vivi0010/1533007824-1017351810_n.jpg""},{""image_tags"":[],""url"":""https://pic.pimg.tw/vivi0010/1533007825-172940858_n.jpg""},{""image_tags"":[],""url"":""https://pic.pimg.tw/vivi0010/1533007825-3971786202_n.jpg""},{""image_tags"":[],""url"":""https://pic.pimg.tw/vivi0010/1533599026-3797281172_n.jpg""},{""image_tags"":[],""url"":""https://pic.pimg.tw/vivi0010/1533010755-3418757242_n.jpg""},{""image_tags"":[],""url"":""https://pic.pimg.tw/vivi0010/1533007827-3523695284_n.jpg""},{""image_tags"":[],""url"":""https://pic.pimg.tw/vivi0010/1533010753-2638297625_n.jpg""},{""image_tags"":[],""url"":""https://pic.pimg.tw/vivi0010/1533010753-3713572593_n.jpg""}]",8,11,7,12,13
7,墾丁,【墾丁】萬里桐阿嬤麵店(附菜單) 遠眺蔚藍海景 享受美味的古早味麵食小吃,http://lyes.tw/blog/post/32619697,"[{""image_tags"":[],""url"":""https://farm5.staticflickr.com/4870/31173608377_dc9d240f5a_o.jpg""},{""image_tags"":[],""url"":""https://pic.pimg.tw/jesse0218/1449589880-408942148.gif""},{""image_tags"":[],""url"":""https://farm5.staticflickr.com/4806/44282666830_dfccb54809_z.jpg""},{""image_tags"":[],""url"":""https://pic.pimg.tw/jesse0218/1449589886-1525485872.gif""},{""image_tags"":[],""url"":""https://farm5.staticflickr.com/4902/45374799504_1bffd3f08c_z.jpg""},{""image_tags"":[],""url"":""https://farm5.staticflickr.com/4834/46048785642_f8d5d2fb4f_z.jpg""},{""image_tags"":[],""url"":""https://pic.pimg.tw/jesse0218/1449589887-1600156174.gif""},{""image_tags"":[],""url"":""https://farm5.staticflickr.com/4915/46099026061_1109f2b075_z.jpg""},{""image_tags"":[],""url"":""https://pic.pimg.tw/jesse0218/1447833927-1968362730.gif""},{""image_tags"":[],""url"":""https://farm5.staticflickr.com/4859/46099032501_46d45136b6_z.jpg""},{""image_tags"":[],""url"":""https://farm5.staticflickr.com/4917/46099034481_c7e5e4c00e_z.jpg""},{""image_tags"":[],""url"":""https://farm5.staticflickr.com/4821/32227590328_396e799d74_z.jpg""},{""image_tags"":[],""url"":""https://farm5.staticflickr.com/4859/31159743397_22b3c66d6a_z.jpg""},{""image_tags"":[],""url"":""https://farm5.staticflickr.com/4886/32227591318_afe1c88dcd_z.jpg""},{""image_tags"":[],""url"":""https://farm5.staticflickr.com/4834/45374807144_fdd4d8fa1a_z.jpg""},{""image_tags"":[],""url"":""https://farm5.staticflickr.com/4887/46048794062_32bb0a3874_z.jpg""},{""image_tags"":[],""url"":""https://farm5.staticflickr.com/4885/46048789752_39ea7f9525_z.jpg""},{""image_tags"":[],""url"":""https://farm5.staticflickr.com/4852/31159749347_13ba365936_z.jpg""},{""image_tags"":[],""url"":""https://farm5.staticflickr.com/4836/45187216605_022609d9ee_z.jpg""},{""image_tags"":[],""url"":""https://farm5.staticflickr.com/4906/45374803174_76e8673e2b_z.jpg""},{""image_tags"":[],""url"":""https://pic.pimg.tw/jesse0218/1449589887-1600156174.gif""},{""image_tags"":[],""url"":""https://farm5.staticflickr.com/4861/31159750247_9ec995d44d_z.jpg""}]",0,12,16,9,4
8,墾丁,恆春老街美食 ▶ 秋香麵店・柯記古早味綠豆饌 ▶ 恆春老字號店家 古早味銅板美食 墾丁順遊美食 恆春必吃 在地人推薦,http://eeooa0314.pixnet.net/blog/post/464216651,"[{""image_tags"":[],""url"":""https://pic.pimg.tw/eeooa0314/1537640581-2139098337.jpg""},{""image_tags"":[],""url"":""https://pic.pimg.tw/eeooa0314/1537595159-1271173145.jpg""},{""image_tags"":[],""url"":""https://pic.pimg.tw/eeooa0314/1537595160-1068377486.jpg""},{""image_tags"":[],""url"":""https://pic.pimg.tw/eeooa0314/1537595161-1607990129.jpg""},{""image_tags"":[],""url"":""https://pic.pimg.tw/eeooa0314/1537595159-722744434.jpg""},{""image_tags"":[],""url"":""https://pic.pimg.tw/eeooa0314/1537595161-2616144579.jpg""},{""image_tags"":[],""url"":""https://pic.pimg.tw/eeooa0314/1537595169-768386826.jpg""},{""image_tags"":[],""url"":""https://pic.pimg.tw/eeooa0314/1537595171-3284233378.jpg""},{""image_tags"":[],""url"":""https://pic.pimg.tw/eeooa0314/1537595171-885750092.jpg""},{""image_tags"":[],""url"":""https://pic.pimg.tw/eeooa0314/1537595174-2029630945.jpg""},{""image_tags"":[],""url"":""https://pic.pimg.tw/eeooa0314/1537595173-2005656612.jpg""},{""image_tags"":[],""url"":""https://pic.pimg.tw/eeooa0314/1537595173-2620741214.jpg""},{""image_tags"":[],""url"":""https://pic.pimg.tw/eeooa0314/1537595176-481089521.jpg""},{""image_tags"":[],""url"":""https://pic.pimg.tw/eeooa0314/1537595178-3688685207.jpg""},{""image_tags"":[],""url"":""https://pic.pimg.tw/eeooa0314/1537595175-419950314.jpg""},{""image_tags"":[],""url"":""https://pic.pimg.tw/eeooa0314/1537595176-1403791441.jpg""},{""image_tags"":[],""url"":""https://pic.pimg.tw/eeooa0314/1537595178-1668730716.jpg""},{""image_tags"":[],""url"":""https://pic.pimg.tw/eeooa0314/1537595179-4174457734.jpg""},{""image_tags"":[],""url"":""https://pic.pimg.tw/eeooa0314/1537595180-3210152140.jpg""},{""image_tags"":[],""url"":""https://pic.pimg.tw/eeooa0314/1537595182-3872141964.jpg""}]",0,1,9,16,19
9,墾丁,【屏東縣。恆春鎮】「清水越南美食料理」在地人推薦的越南料理，酸辣爽口料多實在(內附菜單),http://zoey00608.pixnet.net/blog/post/285094788,"[{""image_tags"":[],""url"":""https://pic.pimg.tw/zoey00608/1555151505-3634941573_n.jpg""},{""image_tags"":[],""url"":""https://pic.pimg.tw/zoey00608/1555152304-917911858_n.jpg""},{""image_tags"":[],""url"":""https://pic.pimg.tw/zoey00608/1555152297-2945673037_n.jpg""},{""image_tags"":[],""url"":""https://pic.pimg.tw/zoey00608/1555153013-712121557_n.jpg""},{""image_tags"":[],""url"":""https://pic.pimg.tw/zoey00608/1555153017-3329272939_n.jpg""},{""image_tags"":[],""url"":""https://pic.pimg.tw/zoey00608/1555151471-107078454_n.jpg""},{""image_tags"":[],""url"":""https://pic.pimg.tw/zoey00608/1555152276-611424298_n.jpg""},{""image_tags"":[],""url"":""https://pic.pimg.tw/zoey00608/1555152280-2790440427_n.jpg""},{""image_tags"":[],""url"":""https://pic.pimg.tw/zoey00608/1555152283-2540773923_n.jpg""},{""image_tags"":[],""url"":""https://pic.pimg.tw/zoey00608/1555152293-2266590097_n.jpg""},{""image_tags"":[],""url"":""https://pic.pimg.tw/zoey00608/1555152290-2035892616_n.jpg""},{""image_tags"":[],""url"":""https://pic.pimg.tw/zoey00608/1555152287-1343619056_n.jpg""},{""image_tags"":[],""url"":""https://pic.pimg.tw/zoey00608/1555152301-926861672_n.jpg""},{""image_tags"":[],""url"":""https://pic.pimg.tw/zoey00608/1555151439-3184531618_n.jpg""},{""image_tags"":[],""url"":""https://pic.pimg.tw/zoey00608/1555135352-1292867061_n.jpg""}]",1,3,5,2,0
